County,Year,Population
Alameda             ,2000,1443939
Alpine              ,2000,1208
Amador              ,2000,35100
Butte               ,2000,203171
Calaveras           ,2000,40554
Colusa              ,2000,18804
Contra Costa        ,2000,948816
Del Norte,2000,27507
El Dorado           ,2000,156299
Fresno              ,2000,799407
Glenn               ,2000,26453
Humboldt            ,2000,126518
Imperial            ,2000,142361
Inyo                ,2000,18071
Kern                ,2000,661653
Kings               ,2000,129461
Lake                ,2000,58325
Lassen              ,2000,33828
Los Angeles ,2000,9519330
Madera              ,2000,123109
Marin               ,2000,247289
Mariposa            ,2000,17130
Mendocino           ,2000,86265
Merced              ,2000,210554
Modoc               ,2000,9449
Mono                ,2000,12853
Monterey            ,2000,401762
Napa                ,2000,124279
Nevada              ,2000,92033
Orange              ,2000,2846289
Placer              ,2000,248399
Plumas              ,2000,20824
Riverside           ,2000,1545387
Sacramento,2000,1223499
San Benito  ,2000,53234
San Bernardino    ,2000,1710139
San Diego           ,2000,2813833
San Francisco,2000,776733
San Joaquin,2000,563598
San Luis Obispo     ,2000,246681
San Mateo           ,2000,707163
Santa Barbara       ,2000,399347
Santa Clara         ,2000,1682585
Santa Cruz          ,2000,255602
Shasta              ,2000,163256
Sierra              ,2000,3555
Siskiyou            ,2000,44301
Solano              ,2000,394930
Sonoma              ,2000,458614
Stanislaus          ,2000,446997
Sutter              ,2000,78930
Tehama              ,2000,56039
Trinity             ,2000,13022
Tulare              ,2000,368021
Tuolumne            ,2000,54504
Ventura             ,2000,753197
Yolo                ,2000,168660
Yuba                ,2000,60219
State Total,2000,33873086
Alameda             ,2001,1457185
Alpine              ,2001,1220
Amador              ,2001,35495
Butte               ,2001,204591
Calaveras           ,2001,41042
Colusa              ,2001,18974
Contra Costa        ,2001,962076
Del Norte,2001,27434
El Dorado           ,2001,160079
Fresno              ,2001,808611
Glenn               ,2001,26584
Humboldt            ,2001,127011
Imperial            ,2001,143941
Inyo                ,2001,18162
Kern                ,2001,672004
Kings               ,2001,131100
Lake                ,2001,59260
Lassen              ,2001,33763
Los Angeles ,2001,9590080
Madera              ,2001,125359
Marin               ,2001,247590
Mariposa            ,2001,17163
Mendocino           ,2001,86825
Merced              ,2001,214203
Modoc               ,2001,9473
Mono                ,2001,13034
Monterey            ,2001,404569
Napa                ,2001,125396
Nevada              ,2001,92693
Orange              ,2001,2871926
Placer              ,2001,258293
Plumas              ,2001,20681
Riverside           ,2001,1589708
Sacramento,2001,1248072
San Benito  ,2001,54165
San Bernardino    ,2001,1741416
San Diego           ,2001,2849238
San Francisco,2001,780614
San Joaquin,2001,578121
San Luis Obispo     ,2001,249687
San Mateo           ,2001,707965
Santa Barbara       ,2001,401667
Santa Clara         ,2001,1690366
Santa Cruz          ,2001,256031
Shasta              ,2001,165590
Sierra              ,2001,3603
Siskiyou            ,2001,44331
Solano              ,2001,399476
Sonoma              ,2001,462958
Stanislaus          ,2001,456423
Sutter              ,2001,79722
Tehama              ,2001,56149
Trinity             ,2001,12961
Tulare              ,2001,371479
Tuolumne            ,2001,54957
Ventura             ,2001,762944
Yolo                ,2001,172450
Yuba                ,2001,60879
State Total,2001,34256789
Alameda             ,2002,1467063
Alpine              ,2002,1242
Amador              ,2002,36159
Butte               ,2002,206942
Calaveras           ,2002,41773
Colusa              ,2002,19229
Contra Costa        ,2002,974657
Del Norte,2002,27517
El Dorado           ,2002,163300
Fresno              ,2002,821809
Glenn               ,2002,26702
Humboldt            ,2002,128052
Imperial            ,2002,145954
Inyo                ,2002,18311
Kern                ,2002,688063
Kings               ,2002,133551
Lake                ,2002,60525
Lassen              ,2002,33628
Los Angeles ,2002,9679212
Madera              ,2002,127469
Marin               ,2002,247567
Mariposa            ,2002,17365
Mendocino           ,2002,87326
Merced              ,2002,220018
Modoc               ,2002,9417
Mono                ,2002,13298
Monterey            ,2002,407440
Napa                ,2002,127064
Nevada              ,2002,94048
Orange              ,2002,2902207
Placer              ,2002,270845
Plumas              ,2002,20702
Riverside           ,2002,1655291
Sacramento,2002,1279588
San Benito  ,2002,54948
San Bernardino    ,2002,1782268
San Diego           ,2002,2890256
San Francisco,2002,782765
San Joaquin,2002,596039
San Luis Obispo     ,2002,252604
San Mateo           ,2002,706213
Santa Barbara       ,2002,404794
Santa Clara         ,2002,1693230
Santa Cruz          ,2002,255890
Shasta              ,2002,168304
Sierra              ,2002,3576
Siskiyou            ,2002,44331
Solano              ,2002,404895
Sonoma              ,2002,465726
Stanislaus          ,2002,468340
Sutter              ,2002,81086
Tehama              ,2002,56873
Trinity             ,2002,13061
Tulare              ,2002,377666
Tuolumne            ,2002,55619
Ventura             ,2002,774438
Yolo                ,2002,177180
Yuba                ,2002,62080
State Total,2002,34725516
Alameda             ,2003,1467892
Alpine              ,2003,1248
Amador              ,2003,36656
Butte               ,2003,209389
Calaveras           ,2003,42651
Colusa              ,2003,19538
Contra Costa        ,2003,984256
Del Norte,2003,27744
El Dorado           ,2003,166195
Fresno              ,2003,837256
Glenn               ,2003,26974
Humboldt            ,2003,129468
Imperial            ,2003,149041
Inyo                ,2003,18461
Kern                ,2003,707111
Kings               ,2003,136710
Lake                ,2003,61492
Lassen              ,2003,33828
Los Angeles ,2003,9756914
Madera              ,2003,130641
Marin               ,2003,247342
Mariposa            ,2003,17612
Mendocino           ,2003,87764
Merced              ,2003,225946
Modoc               ,2003,9456
Mono                ,2003,13478
Monterey            ,2003,410276
Napa                ,2003,128683
Nevada              ,2003,95277
Orange              ,2003,2927118
Placer              ,2003,283703
Plumas              ,2003,20722
Riverside           ,2003,1730219
Sacramento,2003,1307189
San Benito  ,2003,55330
San Bernardino    ,2003,1825379
San Diego           ,2003,2927216
San Francisco,2003,782599
San Joaquin,2003,612295
San Luis Obispo     ,2003,254583
San Mateo           ,2003,704014
Santa Barbara       ,2003,407828
Santa Clara         ,2003,1693752
Santa Cruz          ,2003,255368
Shasta              ,2003,170782
Sierra              ,2003,3555
Siskiyou            ,2003,44491
Solano              ,2003,407882
Sonoma              ,2003,467139
Stanislaus          ,2003,478283
Sutter              ,2003,83018
Tehama              ,2003,57847
Trinity             ,2003,13273
Tulare              ,2003,385769
Tuolumne            ,2003,56177
Ventura             ,2003,784632
Yolo                ,2003,180798
Yuba                ,2003,63349
State Total,2003,35163609
Alameda             ,2004,1466407
Alpine              ,2004,1257
Amador              ,2004,36961
Butte               ,2004,211419
Calaveras           ,2004,43554
Colusa              ,2004,19933
Contra Costa        ,2004,993958
Del Norte,2004,28029
El Dorado           ,2004,168984
Fresno              ,2004,853057
Glenn               ,2004,27210
Humboldt            ,2004,130712
Imperial            ,2004,152420
Inyo                ,2004,18533
Kern                ,2004,728872
Kings               ,2004,140688
Lake                ,2004,62307
Lassen              ,2004,34313
Los Angeles ,2004,9806944
Madera              ,2004,134645
Marin               ,2004,246990
Mariposa            ,2004,17818
Mendocino           ,2004,88130
Merced              ,2004,232356
Modoc               ,2004,9556
Mono                ,2004,13650
Monterey            ,2004,411544
Napa                ,2004,129814
Nevada              ,2004,96540
Orange              ,2004,2948135
Placer              ,2004,296712
Plumas              ,2004,20824
Riverside           ,2004,1814485
Sacramento,2004,1331910
San Benito  ,2004,55374
San Bernardino    ,2004,1875063
San Diego           ,2004,2953703
San Francisco,2004,781308
San Joaquin,2004,629787
San Luis Obispo     ,2004,257045
San Mateo           ,2004,702254
Santa Barbara       ,2004,410357
Santa Clara         ,2004,1695602
Santa Cruz          ,2004,254986
Shasta              ,2004,172729
Sierra              ,2004,3506
Siskiyou            ,2004,44691
Solano              ,2004,410164
Sonoma              ,2004,469103
Stanislaus          ,2004,486639
Sutter              ,2004,85097
Tehama              ,2004,58953
Trinity             ,2004,13453
Tulare              ,2004,395127
Tuolumne            ,2004,56407
Ventura             ,2004,792213
Yolo                ,2004,184015
Yuba                ,2004,64604
State Total,2004,35570847
Alameda             ,2005,1462736
Alpine              ,2005,1237
Amador              ,2005,37434
Butte               ,2005,212955
Calaveras           ,2005,44348
Colusa              ,2005,20374
Contra Costa        ,2005,1001216
Del Norte,2005,28251
El Dorado           ,2005,171739
Fresno              ,2005,866058
Glenn               ,2005,27394
Humboldt            ,2005,131467
Imperial            ,2005,155793
Inyo                ,2005,18511
Kern                ,2005,750969
Kings               ,2005,143607
Lake                ,2005,62870
Lassen              ,2005,34552
Los Angeles ,2005,9816153
Madera              ,2005,138174
Marin               ,2005,246688
Mariposa            ,2005,17965
Mendocino           ,2005,88129
Merced              ,2005,238069
Modoc               ,2005,9595
Mono                ,2005,13763
Monterey            ,2005,409557
Napa                ,2005,130472
Nevada              ,2005,97454
Orange              ,2005,2956847
Placer              ,2005,307710
Plumas              ,2005,20880
Riverside           ,2005,1895695
Sacramento,2005,1350523
San Benito  ,2005,55221
San Bernardino    ,2005,1921423
San Diego           ,2005,2966783
San Francisco,2005,780187
San Joaquin,2005,645059
San Luis Obispo     ,2005,259213
San Mateo           ,2005,700350
Santa Barbara       ,2005,411440
Santa Clara         ,2005,1698234
Santa Cruz          ,2005,254783
Shasta              ,2005,173862
Sierra              ,2005,3449
Siskiyou            ,2005,44865
Solano              ,2005,410985
Sonoma              ,2005,469734
Stanislaus          ,2005,494144
Sutter              ,2005,87097
Tehama              ,2005,59976
Trinity             ,2005,13654
Tulare              ,2005,404148
Tuolumne            ,2005,56411
Ventura             ,2005,795962
Yolo                ,2005,186530
Yuba                ,2005,66478
State Total,2005,35869173
Alameda             ,2006,1462371
Alpine              ,2006,1232
Amador              ,2006,37843
Butte               ,2006,214690
Calaveras           ,2006,45044
Colusa              ,2006,20729
Contra Costa        ,2006,1007169
Del Norte,2006,28296
El Dorado           ,2006,174218
Fresno              ,2006,879128
Glenn               ,2006,27628
Humboldt            ,2006,131958
Imperial            ,2006,160088
Inyo                ,2006,18442
Kern                ,2006,774062
Kings               ,2006,146045
Lake                ,2006,63449
Lassen              ,2006,34769
Los Angeles ,2006,9798609
Madera              ,2006,141693
Marin               ,2006,246969
Mariposa            ,2006,18150
Mendocino           ,2006,87802
Merced              ,2006,243072
Modoc               ,2006,9614
Mono                ,2006,13975
Monterey            ,2006,406935
Napa                ,2006,131330
Nevada              ,2006,98068
Orange              ,2006,2956334
Placer              ,2006,317437
Plumas              ,2006,20785
Riverside           ,2006,1975913
Sacramento,2006,1365214
San Benito  ,2006,55025
San Bernardino    ,2006,1959715
San Diego           ,2006,2976492
San Francisco,2006,781295
San Joaquin,2006,656247
San Luis Obispo     ,2006,260873
San Mateo           ,2006,699347
Santa Barbara       ,2006,412271
Santa Clara         ,2006,1706676
Santa Cruz          ,2006,255107
Shasta              ,2006,174747
Sierra              ,2006,3427
Siskiyou            ,2006,44918
Solano              ,2006,410964
Sonoma              ,2006,469751
Stanislaus          ,2006,500780
Sutter              ,2006,89364
Tehama              ,2006,61000
Trinity             ,2006,13806
Tulare              ,2006,412239
Tuolumne            ,2006,56506
Ventura             ,2006,799049
Yolo                ,2006,189078
Yuba                ,2006,68464
State Total,2006,36116202
Alameda             ,2007,1470622
Alpine              ,2007,1252
Amador              ,2007,38025
Butte               ,2007,216401
Calaveras           ,2007,45477
Colusa              ,2007,21006
Contra Costa        ,2007,1015672
Del Norte,2007,28378
El Dorado           ,2007,176226
Fresno              ,2007,893088
Glenn               ,2007,27872
Humboldt            ,2007,132443
Imperial            ,2007,164707
Inyo                ,2007,18434
Kern                ,2007,795982
Kings               ,2007,148933
Lake                ,2007,63890
Lassen              ,2007,35379
Los Angeles ,2007,9780808
Madera              ,2007,145163
Marin               ,2007,248025
Mariposa            ,2007,18310
Mendocino           ,2007,87617
Merced              ,2007,247542
Modoc               ,2007,9615
Mono                ,2007,14182
Monterey            ,2007,406890
Napa                ,2007,132537
Nevada              ,2007,98408
Orange              ,2007,2960659
Placer              ,2007,325985
Plumas              ,2007,20654
Riverside           ,2007,2049902
Sacramento,2007,1380172
San Benito  ,2007,54948
San Bernardino    ,2007,1989690
San Diego           ,2007,2998477
San Francisco,2007,787127
San Joaquin,2007,665304
San Luis Obispo     ,2007,262982
San Mateo           ,2007,701838
Santa Barbara       ,2007,414750
Santa Clara         ,2007,1725066
Santa Cruz          ,2007,256543
Shasta              ,2007,175546
Sierra              ,2007,3384
Siskiyou            ,2007,44877
Solano              ,2007,411998
Sonoma              ,2007,471479
Stanislaus          ,2007,505959
Sutter              ,2007,91563
Tehama              ,2007,61777
Trinity             ,2007,13806
Tulare              ,2007,419842
Tuolumne            ,2007,56347
Ventura             ,2007,803572
Yolo                ,2007,192826
Yuba                ,2007,69719
State Total,2007,36399676
Alameda             ,2008,1484085
Alpine              ,2008,1228
Amador              ,2008,37975
Butte               ,2008,217801
Calaveras           ,2008,45670
Colusa              ,2008,21145
Contra Costa        ,2008,1027264
Del Norte,2008,28526
El Dorado           ,2008,177897
Fresno              ,2008,906521
Glenn               ,2008,28066
Humboldt            ,2008,132931
Imperial            ,2008,168495
Inyo                ,2008,18416
Kern                ,2008,812830
Kings               ,2008,151106
Lake                ,2008,64178
Lassen              ,2008,35437
Los Angeles ,2008,9785474
Madera              ,2008,147958
Marin               ,2008,249546
Mariposa            ,2008,18381
Mendocino           ,2008,87715
Merced              ,2008,250734
Modoc               ,2008,9607
Mono                ,2008,14143
Monterey            ,2008,409387
Napa                ,2008,133969
Nevada              ,2008,98581
Orange              ,2008,2974321
Placer              ,2008,333805
Plumas              ,2008,20483
Riverside           ,2008,2102741
Sacramento,2008,1394510
San Benito  ,2008,55022
San Bernardino    ,2008,2009594
San Diego           ,2008,3032689
San Francisco,2008,795002
San Joaquin,2008,672492
San Luis Obispo     ,2008,265505
San Mateo           ,2008,707820
Santa Barbara       ,2008,418309
Santa Clara         ,2008,1747912
Santa Cruz          ,2008,258737
Shasta              ,2008,176240
Sierra              ,2008,3314
Siskiyou            ,2008,44952
Solano              ,2008,412908
Sonoma              ,2008,474819
Stanislaus          ,2008,509389
Sutter              ,2008,92983
Tehama              ,2008,62365
Trinity             ,2008,13759
Tulare              ,2008,427531
Tuolumne            ,2008,56098
Ventura             ,2008,808970
Yolo                ,2008,196219
Yuba                ,2008,70820
State Total,2008,36704375
Alameda             ,2009,1497799
Alpine              ,2009,1194
Amador              ,2009,37884
Butte               ,2009,218887
Calaveras           ,2009,45632
Colusa              ,2009,21221
Contra Costa        ,2009,1038390
Del Norte,2009,28565
El Dorado           ,2009,179150
Fresno              ,2009,918560
Glenn               ,2009,28088
Humboldt            ,2009,133484
Imperial            ,2009,171670
Inyo                ,2009,18416
Kern                ,2009,825503
Kings               ,2009,151816
Lake                ,2009,64384
Lassen              ,2009,34947
Los Angeles ,2009,9801096
Madera              ,2009,149632
Marin               ,2009,250760
Mariposa            ,2009,18334
Mendocino           ,2009,87677
Merced              ,2009,253026
Modoc               ,2009,9628
Mono                ,2009,14074
Monterey            ,2009,412233
Napa                ,2009,135225
Nevada              ,2009,98558
Orange              ,2009,2990805
Placer              ,2009,340995
Plumas              ,2009,20216
Riverside           ,2009,2140626
Sacramento,2009,1406168
San Benito  ,2009,55068
San Bernardino    ,2009,2019432
San Diego           ,2009,3064436
San Francisco,2009,800239
San Joaquin,2009,677833
San Luis Obispo     ,2009,267537
San Mateo           ,2009,713818
Santa Barbara       ,2009,421197
Santa Clara         ,2009,1767204
Santa Cruz          ,2009,260892
Shasta              ,2009,176756
Sierra              ,2009,3264
Siskiyou            ,2009,44996
Solano              ,2009,412832
Sonoma              ,2009,478622
Stanislaus          ,2009,511226
Sutter              ,2009,93918
Tehama              ,2009,62921
Trinity             ,2009,13750
Tulare              ,2009,434933
Tuolumne            ,2009,55661
Ventura             ,2009,815284
Yolo                ,2009,198642
Yuba                ,2009,71609
State Total,2009,36966713
Alameda             ,2010,1509240
Alpine              ,2010,1178
Amador              ,2010,38011
Butte               ,2010,219967
Calaveras           ,2010,45602
Colusa              ,2010,21380
Contra Costa        ,2010,1047948
Del Norte,2010,28581
El Dorado           ,2010,180682
Fresno              ,2010,929758
Glenn               ,2010,28120
Humboldt            ,2010,134353
Imperial            ,2010,174244
Inyo                ,2010,18525
Kern                ,2010,837074
Kings               ,2010,152717
Lake                ,2010,64580
Lassen              ,2010,34794
Los Angeles ,2010,9822121
Madera              ,2010,150749
Marin               ,2010,252279
Mariposa            ,2010,18277
Mendocino           ,2010,87807
Merced              ,2010,255399
Modoc               ,2010,9666
Mono                ,2010,14160
Monterey            ,2010,415108
Napa                ,2010,136316
Nevada              ,2010,98682
Orange              ,2010,3008855
Placer              ,2010,347133
Plumas              ,2010,20045
Riverside           ,2010,2179692
Sacramento,2010,1417259
San Benito  ,2010,55272
San Bernardino    ,2010,2033141
San Diego           ,2010,3091579
San Francisco,2010,804989
San Joaquin,2010,684057
San Luis Obispo     ,2010,269333
San Mateo           ,2010,718614
Santa Barbara       ,2010,423740
Santa Clara         ,2010,1781427
Santa Cruz          ,2010,262552
Shasta              ,2010,177248
Sierra              ,2010,3247
Siskiyou            ,2010,44962
Solano              ,2010,413268
Sonoma              ,2010,482961
Stanislaus          ,2010,514003
Sutter              ,2010,94765
Tehama              ,2010,63418
Trinity             ,2010,13811
Tulare              ,2010,441245
Tuolumne            ,2010,55291
Ventura             ,2010,822108
Yolo                ,2010,200484
Yuba                ,2010,72083
State Total,2010,37223900
Alameda             ,2010,1510271
Alpine              ,2010,1175
Amador              ,2010,38091
Butte               ,2010,220000
Calaveras           ,2010,45578
Colusa              ,2010,21419
Contra Costa        ,2010,1049025
Del Norte,2010,28610
El Dorado           ,2010,181058
Fresno              ,2010,930450
Glenn               ,2010,28122
Humboldt            ,2010,134623
Imperial            ,2010,174528
Inyo                ,2010,18546
Kern                ,2010,839631
Kings               ,2010,152982
Lake                ,2010,64665
Lassen              ,2010,34895
Los Angeles ,2010,9818605
Madera              ,2010,150865
Marin               ,2010,252409
Mariposa            ,2010,18251
Mendocino           ,2010,87841
Merced              ,2010,255793
Modoc               ,2010,9686
Mono                ,2010,14202
Monterey            ,2010,415057
Napa                ,2010,136484
Nevada              ,2010,98764
Orange              ,2010,3010232
Placer              ,2010,348432
Plumas              ,2010,20007
Riverside           ,2010,2189641
Sacramento,2010,1418788
San Benito  ,2010,55269
San Bernardino    ,2010,2035210
San Diego           ,2010,3095313
San Francisco,2010,805235
San Joaquin,2010,685306
San Luis Obispo     ,2010,269637
San Mateo           ,2010,718451
Santa Barbara       ,2010,423895
Santa Clara         ,2010,1781642
Santa Cruz          ,2010,262382
Shasta              ,2010,177223
Sierra              ,2010,3240
Siskiyou            ,2010,44900
Solano              ,2010,413344
Sonoma              ,2010,483878
Stanislaus          ,2010,514453
Sutter              ,2010,94737
Tehama              ,2010,63463
Trinity             ,2010,13786
Tulare              ,2010,442179
Tuolumne            ,2010,55365
Ventura             ,2010,823318
Yolo                ,2010,200849
Yuba                ,2010,72155
Alameda             ,2011,1527169
Alpine              ,2011,1174
Amador              ,2011,37089
Butte               ,2011,221377
Calaveras           ,2011,45561
Colusa              ,2011,21362
Contra Costa        ,2011,1061578
Del Norte,2011,28191
El Dorado           ,2011,180887
Fresno              ,2011,938507
Glenn               ,2011,28252
Humboldt            ,2011,135894
Imperial            ,2011,175448
Inyo                ,2011,18582
Kern                ,2011,845269
Kings               ,2011,150073
Lake                ,2011,65318
Lassen              ,2011,34416
Los Angeles ,2011,9872846
Madera              ,2011,151054
Marin               ,2011,254256
Mariposa            ,2011,18180
Mendocino           ,2011,87787
Merced              ,2011,259183
Modoc               ,2011,9653
Mono                ,2011,14312
Monterey            ,2011,416582
Napa                ,2011,136839
Nevada              ,2011,99035
Orange              ,2011,3037811
Placer              ,2011,354618
Plumas              ,2011,19977
Riverside           ,2011,2213474
Sacramento,2011,1431665
San Benito  ,2011,55835
San Bernardino    ,2011,2055566
San Diego           ,2011,3124985
San Francisco,2011,815714
San Joaquin,2011,692465
San Luis Obispo     ,2011,270396
San Mateo           ,2011,726265
Santa Barbara       ,2011,424822
Santa Clara         ,2011,1805407
Santa Cruz          ,2011,265364
Shasta              ,2011,178218
Sierra              ,2011,3244
Siskiyou            ,2011,44937
Solano              ,2011,414084
Sonoma              ,2011,485975
Stanislaus          ,2011,517840
Sutter              ,2011,94535
Tehama              ,2011,63337
Trinity             ,2011,13945
Tulare              ,2011,445415
Tuolumne            ,2011,55306
Ventura             ,2011,830196
Yolo                ,2011,202769
Yuba                ,2011,72841
Alameda             ,2012,1549193
Alpine              ,2012,1176
Amador              ,2012,37272
Butte               ,2012,222623
Calaveras           ,2012,45544
Colusa              ,2012,21301
Contra Costa        ,2012,1075165
Del Norte,2012,28193
El Dorado           ,2012,180121
Fresno              ,2012,945656
Glenn               ,2012,28102
Humboldt            ,2012,135888
Imperial            ,2012,177599
Inyo                ,2012,18617
Kern                ,2012,853585
Kings               ,2012,151242
Lake                ,2012,65573
Lassen              ,2012,34222
Los Angeles ,2012,9937750
Madera              ,2012,151155
Marin               ,2012,257096
Mariposa            ,2012,18084
Mendocino           ,2012,88402
Merced              ,2012,261779
Modoc               ,2012,9508
Mono                ,2012,14181
Monterey            ,2012,422477
Napa                ,2012,138249
Nevada              ,2012,98896
Orange              ,2012,3073792
Placer              ,2012,360512
Plumas              ,2012,19700
Riverside           ,2012,2239478
Sacramento,2012,1447519
San Benito  ,2012,56778
San Bernardino    ,2012,2072061
San Diego           ,2012,3155715
San Francisco,2012,826354
San Joaquin,2012,699719
San Luis Obispo     ,2012,272951
San Mateo           ,2012,735915
Santa Barbara       ,2012,427960
Santa Clara         ,2012,1833344
Santa Cruz          ,2012,267492
Shasta              ,2012,178865
Sierra              ,2012,3239
Siskiyou            ,2012,44778
Solano              ,2012,418963
Sonoma              ,2012,488601
Stanislaus          ,2012,521723
Sutter              ,2012,94718
Tehama              ,2012,63202
Trinity             ,2012,14193
Tulare              ,2012,449884
Tuolumne            ,2012,55100
Ventura             ,2012,835510
Yolo                ,2012,204087
Yuba                ,2012,73501
Alameda             ,2013,1575139
Alpine              ,2013,1180
Amador              ,2013,37044
Butte               ,2013,224391
Calaveras           ,2013,45499
Colusa              ,2013,21418
Contra Costa        ,2013,1090305
Del Norte,2013,27752
El Dorado           ,2013,179663
Fresno              ,2013,953114
Glenn               ,2013,27914
Humboldt            ,2013,135810
Imperial            ,2013,177731
Inyo                ,2013,18673
Kern                ,2013,861948
Kings               ,2013,150004
Lake                ,2013,65928
Lassen              ,2013,33564
Los Angeles ,2013,9995638
Madera              ,2013,150652
Marin               ,2013,258815
Mariposa            ,2013,17936
Mendocino           ,2013,89320
Merced              ,2013,263501
Modoc               ,2013,9408
Mono                ,2013,13865
Monterey            ,2013,425742
Napa                ,2013,138808
Nevada              ,2013,99116
Orange              ,2013,3105236
Placer              ,2013,365195
Plumas              ,2013,19345
Riverside           ,2013,2260809
Sacramento,2013,1461786
San Benito  ,2013,57386
San Bernardino    ,2013,2085599
San Diego           ,2013,3190323
San Francisco,2013,839556
San Joaquin,2013,705545
San Luis Obispo     ,2013,275482
San Mateo           ,2013,745842
Santa Barbara       ,2013,432485
Santa Clara         ,2013,1861489
Santa Cruz          ,2013,269714
Shasta              ,2013,180106
Sierra              ,2013,3225
Siskiyou            ,2013,44726
Solano              ,2013,423373
Sonoma              ,2013,492751
Stanislaus          ,2013,525173
Sutter              ,2013,94496
Tehama              ,2013,63257
Trinity             ,2013,14442
Tulare              ,2013,453530
Tuolumne            ,2013,55109
Ventura             ,2013,841501
Yolo                ,2013,206386
Yuba                ,2013,74114
Alameda             ,2014,1597747
Alpine              ,2014,1185
Amador              ,2014,37089
Butte               ,2014,225737
Calaveras           ,2014,45461
Colusa              ,2014,21442
Contra Costa        ,2014,1104732
Del Norte,2014,27341
El Dorado           ,2014,180132
Fresno              ,2014,959645
Glenn               ,2014,27946
Humboldt            ,2014,135895
Imperial            ,2014,178471
Inyo                ,2014,18771
Kern                ,2014,867021
Kings               ,2014,148974
Lake                ,2014,66484
Lassen              ,2014,32908
Los Angeles ,2014,10037944
Madera              ,2014,152067
Marin               ,2014,261931
Mariposa            ,2014,17865
Mendocino           ,2014,89569
Merced              ,2014,264670
Modoc               ,2014,9312
Mono                ,2014,13712
Monterey            ,2014,427425
Napa                ,2014,140114
Nevada              ,2014,99490
Orange              ,2014,3125985
Placer              ,2014,369910
Plumas              ,2014,19120
Riverside           ,2014,2280208
Sacramento,2014,1476829
San Benito  ,2014,58212
San Bernardino    ,2014,2096526
San Diego           ,2014,3219710
San Francisco,2014,846661
San Joaquin,2014,712387
San Luis Obispo     ,2014,278272
San Mateo           ,2014,751906
Santa Barbara       ,2014,437066
Santa Clara         ,2014,1883691
Santa Cruz          ,2014,271559
Shasta              ,2014,180826
Sierra              ,2014,3218
Siskiyou            ,2014,44674
Solano              ,2014,428671
Sonoma              ,2014,496615
Stanislaus          ,2014,528123
Sutter              ,2014,95103
Tehama              ,2014,63067
Trinity             ,2014,14692
Tulare              ,2014,455774
Tuolumne            ,2014,55315
Ventura             ,2014,846456
Yolo                ,2014,206708
Yuba                ,2014,74755
Alameda             ,2015,1622205
Alpine              ,2015,1190
Amador              ,2015,37453
Butte               ,2015,227400
Calaveras           ,2015,45395
Colusa              ,2015,21338
Contra Costa        ,2015,1120530
Del Norte,2015,26973
El Dorado           ,2015,180914
Fresno              ,2015,968417
Glenn               ,2015,27966
Humboldt            ,2015,136542
Imperial            ,2015,179769
Inyo                ,2015,18765
Kern                ,2015,873453
Kings               ,2015,148817
Lake                ,2015,66975
Lassen              ,2015,32758
Los Angeles ,2015,10072887
Madera              ,2015,152930
Marin               ,2015,263888
Mariposa            ,2015,17724
Mendocino           ,2015,90018
Merced              ,2015,266740
Modoc               ,2015,9212
Mono                ,2015,13674
Monterey            ,2015,429887
Napa                ,2015,140654
Nevada              ,2015,100341
Orange              ,2015,3148491
Placer              ,2015,373578
Plumas              ,2015,19035
Riverside           ,2015,2302000
Sacramento,2015,1495130
San Benito  ,2015,58839
San Bernardino    ,2015,2114182
San Diego           ,2015,3248180
San Francisco,2015,855489
San Joaquin,2015,724185
San Luis Obispo     ,2015,279620
San Mateo           ,2015,758673
Santa Barbara       ,2015,440902
Santa Clara         ,2015,1907380
Santa Cruz          ,2015,274207
Shasta              ,2015,181253
Sierra              ,2015,3214
Siskiyou            ,2015,44550
Solano              ,2015,433545
Sonoma              ,2015,499963
Stanislaus          ,2015,532534
Sutter              ,2015,95421
Tehama              ,2015,63405
Trinity             ,2015,14906
Tulare              ,2015,458186
Tuolumne            ,2015,54956
Ventura             ,2015,849950
Yolo                ,2015,208343
Yuba                ,2015,75374
Alameda             ,2016,1641983
Alpine              ,2016,1196
Amador              ,2016,37663
Butte               ,2016,228198
Calaveras           ,2016,45402
Colusa              ,2016,21531
Contra Costa        ,2016,1136478
Del Norte,2016,26960
El Dorado           ,2016,181630
Fresno              ,2016,975622
Glenn               ,2016,27714
Humboldt            ,2016,137015
Imperial            ,2016,179897
Inyo                ,2016,18876
Kern                ,2016,876846
Kings               ,2016,148487
Lake                ,2016,66991
Lassen              ,2016,32293
Los Angeles ,2016,10087542
Madera              ,2016,152819
Marin               ,2016,264554
Mariposa            ,2016,17625
Mendocino           ,2016,90761
Merced              ,2016,268527
Modoc               ,2016,9130
Mono                ,2016,13412
Monterey            ,2016,434712
Napa                ,2016,141119
Nevada              ,2016,100793
Orange              ,2016,3165028
Placer              ,2016,379143
Plumas              ,2016,19017
Riverside           ,2016,2326213
Sacramento,2016,1511942
San Benito  ,2016,59563
San Bernardino    ,2016,2124990
San Diego           ,2016,3263004
San Francisco,2016,861977
San Joaquin,2016,735670
San Luis Obispo     ,2016,281046
San Mateo           ,2016,763530
Santa Barbara       ,2016,444102
Santa Clara         ,2016,1923243
Santa Cruz          ,2016,275625
Shasta              ,2016,180374
Sierra              ,2016,3222
Siskiyou            ,2016,44497
Solano              ,2016,438420
Sonoma              ,2016,501553
Stanislaus          ,2016,537785
Sutter              ,2016,96065
Tehama              ,2016,64017
Trinity             ,2016,15136
Tulare              ,2016,461170
Tuolumne            ,2016,55303
Ventura             ,2016,851155
Yolo                ,2016,211938
Yuba                ,2016,76245
Alameda             ,2017,1656919
Alpine              ,2017,1201
Amador              ,2017,38807
Butte               ,2017,230412
Calaveras           ,2017,45355
Colusa              ,2017,21773
Contra Costa        ,2017,1147957
Del Norte,2017,27158
El Dorado           ,2017,182695
Fresno              ,2017,983436
Glenn               ,2017,27786
Humboldt            ,2017,138027
Imperial            ,2017,180854
Inyo                ,2017,18880
Kern                ,2017,883531
Kings               ,2017,148079
Lake                ,2017,67318
Lassen              ,2017,32459
Los Angeles ,2017,10107312
Madera              ,2017,154151
Marin               ,2017,264366
Mariposa            ,2017,17501
Mendocino           ,2017,91368
Merced              ,2017,271094
Modoc               ,2017,8979
Mono                ,2017,13425
Monterey            ,2017,437800
Napa                ,2017,140837
Nevada              ,2017,100998
Orange              ,2017,3185541
Placer              ,2017,386586
Plumas              ,2017,19365
Riverside           ,2017,2355286
Sacramento,2017,1530548
San Benito  ,2017,60499
San Bernardino    ,2017,2142339
San Diego           ,2017,3279856
San Francisco,2017,867378
San Joaquin,2017,747119
San Luis Obispo     ,2017,282284
San Mateo           ,2017,765207
Santa Barbara       ,2017,445716
Santa Clara         ,2017,1930897
Santa Cruz          ,2017,275410
Shasta              ,2017,180810
Sierra              ,2017,3236
Siskiyou            ,2017,44377
Solano              ,2017,444713
Sonoma              ,2017,502454
Stanislaus          ,2017,545273
Sutter              ,2017,97649
Tehama              ,2017,64304
Trinity             ,2017,15381
Tulare              ,2017,463514
Tuolumne            ,2017,55133
Ventura             ,2017,850424
Yolo                ,2017,214387
Yuba                ,2017,77751
Alameda             ,2018,1666247
Alpine              ,2018,1205
Amador              ,2018,39708
Butte               ,2018,231774
Calaveras           ,2018,45367
Colusa              ,2018,21808
Contra Costa        ,2018,1155105
Del Norte,2018,27269
El Dorado           ,2018,185303
Fresno              ,2018,992091
Glenn               ,2018,27854
Humboldt            ,2018,137893
Imperial            ,2018,181374
Inyo                ,2018,18906
Kern                ,2018,891340
Kings               ,2018,150058
Lake                ,2018,67890
Lassen              ,2018,32721
Los Angeles ,2018,10107841
Madera              ,2018,155100
Marin               ,2018,264099
Mariposa            ,2018,17398
Mendocino           ,2018,91667
Merced              ,2018,274768
Modoc               ,2018,8943
Mono                ,2018,13319
Monterey            ,2018,438000
Napa                ,2018,139786
Nevada              ,2018,101640
Orange              ,2018,3192479
Placer              ,2018,392693
Plumas              ,2018,19388
Riverside           ,2018,2375547
Sacramento,2018,1547095
San Benito  ,2018,61143
San Bernardino    ,2018,2153258
San Diego           ,2018,3294139
San Francisco,2018,872724
San Joaquin,2018,755573
San Luis Obispo     ,2018,282754
San Mateo           ,2018,766114
Santa Barbara       ,2018,447377
Santa Clara         ,2018,1936569
Santa Cruz          ,2018,274274
Shasta              ,2018,181792
Sierra              ,2018,3243
Siskiyou            ,2018,44315
Solano              ,2018,447744
Sonoma              ,2018,499410
Stanislaus          ,2018,548363
Sutter              ,2018,99498
Tehama              ,2018,64789
Trinity             ,2018,15642
Tulare              ,2018,466766
Tuolumne            ,2018,55213
Ventura             ,2018,850604
Yolo                ,2018,215708
Yuba                ,2018,78751
Alameda             ,2019,1675964
Alpine              ,2019,1201
Amador              ,2019,40227
Butte               ,2019,227263
Calaveras           ,2019,45324
Colusa              ,2019,21745
Contra Costa        ,2019,1161077
Del Norte,2019,27567
El Dorado           ,2019,186714
Fresno              ,2019,1000679
Glenn               ,2019,27959
Humboldt            ,2019,137059
Imperial            ,2019,181025
Inyo                ,2019,18938
Kern                ,2019,898617
Kings               ,2019,151918
Lake                ,2019,67902
Lassen              ,2019,32726
Los Angeles ,2019,10067476
Madera              ,2019,155604
Marin               ,2019,263645
Mariposa            ,2019,17242
Mendocino           ,2019,91733
Merced              ,2019,277693
Modoc               ,2019,8880
Mono                ,2019,13305
Monterey            ,2019,439477
Napa                ,2019,138982
Nevada              ,2019,101719
Orange              ,2019,3192408
Placer              ,2019,399659
Plumas              ,2019,19655
Riverside           ,2019,2394094
Sacramento,2019,1562887
San Benito  ,2019,62734
San Bernardino    ,2019,2169538
San Diego           ,2019,3302865
San Francisco,2019,872219
San Joaquin,2019,767324
San Luis Obispo     ,2019,282935
San Mateo           ,2019,765726
Santa Barbara       ,2019,447907
Santa Clara         ,2019,1936821
Santa Cruz          ,2019,272618
Shasta              ,2019,181573
Sierra              ,2019,3241
Siskiyou            ,2019,44273
Solano              ,2019,450545
Sonoma              ,2019,494708
Stanislaus          ,2019,550947
Sutter              ,2019,101531
Tehama              ,2019,65030
Trinity             ,2019,15898
Tulare              ,2019,469228
Tuolumne            ,2019,55074
Ventura             ,2019,847064
Yolo                ,2019,215874
Yuba                ,2019,79619
Alameda             ,2020,1681337
Alpine              ,2020,1204
Amador              ,2020,40426
Butte               ,2020,216090
Calaveras           ,2020,45290
Colusa              ,2020,21811
Contra Costa        ,2020,1164844
Del Norte,2020,27702
El Dorado           ,2020,190202
Fresno              ,2020,1006557
Glenn               ,2020,28800
Humboldt            ,2020,136547
Imperial            ,2020,180036
Inyo                ,2020,18995
Kern                ,2020,907416
Kings               ,2020,152249
Lake                ,2020,68144
Lassen              ,2020,32555
Los Angeles ,2020,10029036
Madera              ,2020,155967
Marin               ,2020,262802
Mariposa            ,2020,17156
Mendocino           ,2020,91639
Merced              ,2020,280290
Modoc               ,2020,8722
Mono                ,2020,13205
Monterey            ,2020,439590
Napa                ,2020,138304
Nevada              ,2020,102259
Orange              ,2020,3188326
Placer              ,2020,403822
Plumas              ,2020,19780
Riverside           ,2020,2412908
Sacramento,2020,1580826
San Benito  ,2020,63931
San Bernardino    ,2020,2179505
San Diego           ,2020,3297350
San Francisco,2020,873444
San Joaquin,2020,776794
San Luis Obispo     ,2020,282484
San Mateo           ,2020,765009
Santa Barbara       ,2020,448408
Santa Clara         ,2020,1936352
Santa Cruz          ,2020,271259
Shasta              ,2020,181926
Sierra              ,2020,3235
Siskiyou            ,2020,44111
Solano              ,2020,452957
Sonoma              ,2020,490008
Stanislaus          ,2020,552488
Sutter              ,2020,100058
Tehama              ,2020,65674
Trinity             ,2020,16070
Tulare              ,2020,472371
Tuolumne            ,2020,55529
Ventura             ,2020,844339
Yolo                ,2020,216306
Yuba                ,2020,81178
County,2020,4/1/2020
Alameda             ,2020,1682353
Alpine              ,2020,1204
Amador              ,2020,40474
Butte               ,2020,211632
Calaveras           ,2020,45292
Colusa              ,2020,21839
Contra Costa        ,2020,1165927
Del Norte,2020,27743
El Dorado           ,2020,191185
Fresno              ,2020,1008654
Glenn               ,2020,28917
Humboldt            ,2020,136463
Imperial            ,2020,179702
Inyo                ,2020,19016
Kern                ,2020,909235
Kings               ,2020,152486
Lake                ,2020,68163
Lassen              ,2020,32730
Los Angeles ,2020,10014009
Madera              ,2020,156255
Marin               ,2020,262321
Mariposa            ,2020,17131
Mendocino           ,2020,91601
Merced              ,2020,281202
Modoc               ,2020,8700
Mono                ,2020,13195
Monterey            ,2020,439035
Napa                ,2020,138019
Nevada              ,2020,102241
Orange              ,2020,3186989
Placer              ,2020,404739
Plumas              ,2020,19790
Riverside           ,2020,2418185
Sacramento,2020,1585055
San Benito  ,2020,64209
San Bernardino    ,2020,2181654
San Diego           ,2020,3298634
San Francisco,2020,873965
San Joaquin,2020,779233
San Luis Obispo     ,2020,282424
San Mateo           ,2020,764442
Santa Barbara       ,2020,448229
Santa Clara         ,2020,1936259
Santa Cruz          ,2020,270861
Shasta              ,2020,182155
Sierra              ,2020,3236
Siskiyou            ,2020,44076
Solano              ,2020,453491
Sonoma              ,2020,488863
Stanislaus          ,2020,552878
Sutter              ,2020,99633
Tehama              ,2020,65829
Trinity             ,2020,16112
Tulare              ,2020,473117
Tuolumne            ,2020,55620
Ventura             ,2020,843843
Yolo                ,2020,216403
Yuba                ,2020,81575
County,2021,1/1/2021
Alameda             ,2021,1669095
Alpine              ,2021,1195
Amador              ,2021,40112
Butte               ,2021,207814
Calaveras           ,2021,45250
Colusa              ,2021,21841
Contra Costa        ,2021,1164050
Del Norte,2021,27460
El Dorado           ,2021,191211
Fresno              ,2021,1008686
Glenn               ,2021,28816
Humboldt            ,2021,135477
Imperial            ,2021,180496
Inyo                ,2021,18982
Kern                ,2021,906122
Kings               ,2021,151167
Lake                ,2021,67821
Lassen              ,2021,31014
Los Angeles ,2021,9966353
Madera              ,2021,156187
Marin               ,2021,260112
Mariposa            ,2021,17066
Mendocino           ,2021,90920
Merced              ,2021,281604
Modoc               ,2021,8606
Mono                ,2021,13191
Monterey            ,2021,437429
Napa                ,2021,137294
Nevada              ,2021,102185
Orange              ,2021,3174592
Placer              ,2021,407282
Plumas              ,2021,19662
Riverside           ,2021,2423069
Sacramento,2021,1581162
San Benito  ,2021,64712
San Bernardino    ,2021,2179941
San Diego           ,2021,3289937
San Francisco,2021,857605
San Joaquin,2021,781220
San Luis Obispo     ,2021,279100
San Mateo           ,2021,757341
Santa Barbara       ,2021,441980
Santa Clara         ,2021,1913594
Santa Cruz          ,2021,266168
Shasta              ,2021,181768
Sierra              ,2021,3225
Siskiyou            ,2021,43912
Solano              ,2021,450518
Sonoma              ,2021,485182
Stanislaus          ,2021,551722
Sutter              ,2021,99144
Tehama              ,2021,65492
Trinity             ,2021,16050
Tulare              ,2021,474381
Tuolumne            ,2021,54810
Ventura             ,2021,840730
Yolo                ,2021,215702
Yuba                ,2021,81973
County,2022,1/1/2022
Alameda             ,2022,1648467
Alpine              ,2022,1191
Amador              ,2022,40148
Butte               ,2022,206762
Calaveras           ,2022,45012
Colusa              ,2022,21923
Contra Costa        ,2022,1154254
Del Norte,2022,26926
El Dorado           ,2022,190549
Fresno              ,2022,1012350
Glenn               ,2022,28821
Humboldt            ,2022,134861
Imperial            ,2022,180753
Inyo                ,2022,18921
Kern                ,2022,910744
Kings               ,2022,151921
Lake                ,2022,67676
Lassen              ,2022,29889
Los Angeles ,2022,9870212
Madera              ,2022,157685
Marin               ,2022,256512
Mariposa            ,2022,16984
Mendocino           ,2022,90305
Merced              ,2022,285109
Modoc               ,2022,8573
Mono                ,2022,13102
Monterey            ,2022,436584
Napa                ,2022,135833
Nevada              ,2022,101352
Orange              ,2022,3159797
Placer              ,2022,409924
Plumas              ,2022,19332
Riverside           ,2022,2435510
Sacramento,2022,1577672
San Benito  ,2022,65751
San Bernardino    ,2022,2183077
San Diego           ,2022,3283556
San Francisco,2022,840348
San Joaquin,2022,784289
San Luis Obispo     ,2022,280111
San Mateo           ,2022,744660
Santa Barbara       ,2022,442182
Santa Clara         ,2022,1894827
Santa Cruz          ,2022,264581
Shasta              ,2022,180547
Sierra              ,2022,3212
Siskiyou            ,2022,43621
Solano              ,2022,447671
Sonoma              ,2022,481223
Stanislaus          ,2022,549272
Sutter              ,2022,99435
Tehama              ,2022,65289
Trinity             ,2022,15967
Tulare              ,2022,475419
Tuolumne            ,2022,54484
Ventura             ,2022,832883
Yolo                ,2022,219340
Yuba                ,2022,82281
County,2023,1/1/2023
Alameda             ,2023,1657334
Alpine              ,2023,1184
Amador              ,2023,39917
Butte               ,2023,206884
Calaveras           ,2023,44890
Colusa              ,2023,21797
Contra Costa        ,2023,1150306
Del Norte,2023,26596
El Dorado           ,2023,188063
Fresno              ,2023,1015633
Glenn               ,2023,28442
Humboldt            ,2023,134566
Imperial            ,2023,181361
Inyo                ,2023,18896
Kern                ,2023,909221
Kings               ,2023,151980
Lake                ,2023,66964
Lassen              ,2023,28475
Los Angeles ,2023,9834286
Madera              ,2023,158266
Marin               ,2023,254861
Mariposa            ,2023,16964
Mendocino           ,2023,89887
Merced              ,2023,286869
Modoc               ,2023,8527
Mono                ,2023,13178
Monterey            ,2023,436972
Napa                ,2023,134992
Nevada              ,2023,100608
Orange              ,2023,3156200
Placer              ,2023,410319
Plumas              ,2023,18988
Riverside           ,2023,2467690
Sacramento,2023,1583676
San Benito  ,2023,65370
San Bernardino    ,2023,2182351
San Diego           ,2023,3300587
San Francisco,2023,848036
San Joaquin,2023,787696
San Luis Obispo     ,2023,280206
San Mateo           ,2023,749670
Santa Barbara       ,2023,443463
Santa Clara         ,2023,1915165
Santa Cruz          ,2023,264250
Shasta              ,2023,179587
Sierra              ,2023,3193
Siskiyou            ,2023,43527
Solano              ,2023,447411
Sonoma              ,2023,480343
Stanislaus          ,2023,548423
Sutter              ,2023,98704
Tehama              ,2023,64732
Trinity             ,2023,15940
Tulare              ,2023,476566
Tuolumne            ,2023,54610
Ventura             ,2023,829275
Yolo                ,2023,221467
Yuba                ,2023,83080
County,2024,1/1/2024
Alameda             ,2024,1658061
Alpine              ,2024,1182
Amador              ,2024,39972
Butte               ,2024,207873
Calaveras           ,2024,44824
Colusa              ,2024,22093
Contra Costa        ,2024,1158249
Del Norte,2024,26379
El Dorado           ,2024,190632
Fresno              ,2024,1028120
Glenn               ,2024,28979
Humboldt            ,2024,133888
Imperial            ,2024,184994
Inyo                ,2024,18852
Kern                ,2024,918005
Kings               ,2024,153880
Lake                ,2024,67393
Lassen              ,2024,27912
Los Angeles ,2024,9848643
Madera              ,2024,161854
Marin               ,2024,254743
Mariposa            ,2024,16958
Mendocino           ,2024,89802
Merced              ,2024,291752
Modoc               ,2024,8509
Mono                ,2024,12888
Monterey            ,2024,436613
Napa                ,2024,135415
Nevada              ,2024,100903
Orange              ,2024,3170070
Placer              ,2024,420436
Plumas              ,2024,18802
Riverside           ,2024,2491037
Sacramento,2024,1596281
San Benito  ,2024,66514
San Bernardino    ,2024,2200351
San Diego           ,2024,3315362
San Francisco,2024,845355
San Joaquin,2024,802328
San Luis Obispo     ,2024,279568
San Mateo           ,2024,747777
Santa Barbara       ,2024,444518
Santa Clara         ,2024,1921406
Santa Cruz          ,2024,263454
Shasta              ,2024,180599
Sierra              ,2024,3177
Siskiyou            ,2024,43430
Solano              ,2024,449966
Sonoma              ,2024,482050
Stanislaus          ,2024,553614
Sutter              ,2024,99431
Tehama              ,2024,64867
Trinity             ,2024,15905
Tulare              ,2024,483683
Tuolumne            ,2024,54376
Ventura             ,2024,828183
Yolo                ,2024,224088
Yuba                ,2024,84667
County,2025,1/1/2025
Alameda             ,2025,1662482
Alpine              ,2025,1177
Amador              ,2025,39563
Butte               ,2025,207525
Calaveras           ,2025,44722
Colusa              ,2025,22026
Contra Costa        ,2025,1158225
Del Norte,2025,26544
El Dorado           ,2025,190770
Fresno              ,2025,1037053
Glenn               ,2025,29369
Humboldt            ,2025,133817
Imperial            ,2025,186499
Inyo                ,2025,18800
Kern                ,2025,923961
Kings               ,2025,154015
Lake                ,2025,67254
Lassen              ,2025,28716
Los Angeles ,2025,9876811
Madera              ,2025,162599
Marin               ,2025,254550
Mariposa            ,2025,16917
Mendocino           ,2025,89827
Merced              ,2025,293080
Modoc               ,2025,8491
Mono                ,2025,12684
Monterey            ,2025,438831
Napa                ,2025,136124
Nevada              ,2025,100354
Orange              ,2025,3175427
Placer              ,2025,421446
Plumas              ,2025,18885
Riverside           ,2025,2495640
Sacramento,2025,1604745
San Benito  ,2025,66822
San Bernardino    ,2025,2207424
San Diego           ,2025,3330139
San Francisco,2025,842027
San Joaquin,2025,805856
San Luis Obispo     ,2025,279337
San Mateo           ,2025,748337
Santa Barbara       ,2025,447132
Santa Clara         ,2025,1922259
Santa Cruz          ,2025,263710
Shasta              ,2025,180201
Sierra              ,2025,3170
Siskiyou            ,2025,43311
Solano              ,2025,449839
Sonoma              ,2025,482848
Stanislaus          ,2025,555765
Sutter              ,2025,100257
Tehama              ,2025,64827
Trinity             ,2025,15884
Tulare              ,2025,487209
Tuolumne            ,2025,54357
Ventura             ,2025,829005
Yolo                ,2025,225433
Yuba                ,2025,85023
